"","fips","amount"
"5217",38089,39361.4607644181
"5965",37035,15399.8640867497
"3269",18141,466.557919677107
"1861",39139,6998.53168542031
"4639",17077,46075.6977129587
"434",41051,462510.105747991
"1338",55045,193.890644786879
"2337",36001,110732.757454182
"152",19005,136193.784751017
"692",12061,68.5870444851462
"3538",34037,43015.84302339
"1513",17117,1011.95262660722
"1181",45045,3911.4089593448
"2060",1089,2072.90051423876
"933",29215,222.384953962142
"292",34021,1445891.71989982
"4204",36089,59120.7312821079
"3906",8041,45406.3829361883
"5183",37119,175185.175495394
"663",8067,8485.47189541301
"1011",36079,192643.432479413
"4270",41019,3602.22330415525
"5276",40019,11361.9844634319
"216",26025,713.83238918043
"1035",37027,932.308874919545
"6121",50017,184.289785139263
"2013",51770,3283.26582776941
"4380",51630,533.291807724163
"4102",26165,53050.4399623458
"4060",26005,1664.12673586715
"9",1121,874.154438939384
"2668",17117,166.682372523802
"1799",36059,77117.4849528013
"3096",55087,1120.7164253667
"2815",26115,1568.22686954035
"2443",42071,10356.4299269249
"2473",47125,3478.37321689638
"6119",50007,70607.5440362635
"461",42129,17172.8051981549
"2444",42077,11487.3786837949
"5068",31109,2386547.11676608
"2981",42021,4449.37630453147
"5840",26075,48236.2465237667
"3758",50025,2309.53179967823
"4133",29189,824355.568947611
"2612",9011,18453.7325419486
"1427",8035,34.283402902307
"2721",18097,34957206.7299631
"2931",37129,2187.59226420412
"786",18097,388694.543159973
"1965",48397,4099.26507784104
"1835",37183,1482053.13979633
"3850",1095,7253.42124326043
"6192",55067,25998.2935295767
"2071",4017,38.5619093731232
"408",39139,2024.18254956532
"2037",55035,9736.06396877589
"50",6113,387113.753786562
"5461",50001,4523.50743790157
"4828",24019,33238.818235099
"3679",44005,1938.00430235366
"5499",51650,561.007553994656
"1830",37135,79263.1571614279
"583",55139,2049.10215757247
"2015",51810,264.448903897405
"5600",56021,3563.90611605276
"1972",48491,512738.554656891
"293",34023,880195.203907886
"607",4017,713.884138598805
"270",31037,20.4928013669956
"908",27113,66070.2833465628
"2809",26081,60593.6220847142
"1552",18067,37280.8806450276
"2921",37035,9921.3248925294
"3532",34023,619021.230656344
"2927",37081,464.449941425119
"656",8005,38598.7665868155
"5614",72053,2068.85216825176
"3053",50011,10059.6872668975
"3183",12001,31345.5227457111
"480",47001,233621.287575394
"4001",19087,157.958521403335
"5066",31079,175.263674401204
"3392",22103,333.088137393724
"769",17197,22920.3635397533
"2027",53073,442.278497486357
"4560",12021,14451.788481352
"6203",55087,455974.686740429
"1435",9001,147933.802638856
"3795",53061,34028.9166983917
"3172",9001,128742.749780858
"338",37037,326.816187827848
"3967",16057,708213.030153254
"4311",45035,2964.08191643562
"1065",39023,102.563248481601
"381",39065,8212.04976561406
"5145",36069,5127.94983249868
"5782",20131,363.47824331373
"738",16001,8542.29322852259
"2840",29161,86268.9086947192
"5903",31151,139383.780667021
"762",17141,539.715807245057
"2046",55105,1524.59057690609
"5784",20209,75087.7371138848
"2302",30049,297.962129632942
"958",33017,68577.8531205977
"5501",51683,58813.1028146258
"3677",44001,239.389588034403
"2204",18085,529.660797691268
"6240",72041,5494.81088217581
"4791",21239,305.345604147296
"4328",48021,825727.459331944
"1786",35049,87031.3773739255
"1025",36111,4039.11544369139
"1997",51179,6358.2991333644
"2113",8069,16858.311722603
"2",1009,124.775098060491
"5047",30031,263918.222432354
"1608",19011,5317.94701749459
"1683",26059,8952.25083494978
"2019",53029,8209.33236586624
"2883",36001,93500.1791517299
"4492",6053,41247.3821151337
"5243",39069,1014.17228314526
"3564",36067,694.291273026004
"1649",23009,40314.5794279561
"1098",39169,191.017268821694
"2961",40109,697.594503154097
"4696",18167,2261.25822467257
"353",37183,310766.569252773
"5603",72005,3783.10598134995
"2125",10003,2876.13509074883
"1490",13277,1403.52675267687
"121",17143,204007.16535926
"3972",17073,41750.029992514
"373",39043,1186.15271808899
"3830",55105,442.55959416436
"2842",29183,133.975940828953
"6123",50025,3488.57753727352
"2715",18085,7557.9496419018
"2011",51740,1711.45452929154
"3651",41039,77396.2896795954
"2273",26125,54295.2087672147
"48",6097,46950.7582068895
"595",1089,31405.5542942737
"3992",18091,27377.1724312062
"1292",51550,63.7764225240015
"5989",39025,327.123746853322
"5476",51041,41203.8696090563
"3644",40131,1237.03482990221
"4395",53035,23667.0362338635
"824",21117,800.210474076361
"6184",55051,12091.4063185675
"2282",27079,64.4047228004783
"5549",55021,4032.39274872947
"1801",36063,11457.9785145837
"3707",47049,3.9540703349663
"2871",34025,72970.8281492422
"1868",39161,965.638342089658
"478",46027,391839.36447474
"1419",6097,21261.4665912882
"3407",24033,25812.8226481091
"1357",56001,1129.91208351422
"3910",8123,7838.03522194137
"1470",13031,57787.1425783779
"288",34013,307115.162668613
"4576",12087,129.579304240178
"2512",51059,9279.55560641706
"3427",26025,10052.0527259287
"2141",12101,669.33524781704
"4937",27077,504135.257449945
"4773",21037,9725.36620659494
"4706",19027,3027.26274376411
"3292",19039,1771.86666147304
"3425",26021,21372.7990116509
"211",25021,85316.2108710637
"3082",53061,61501.0696307387
"1919",45083,219.306426582411
"3134",6059,148269.819993027
"5036",29177,6790.6726231726
"1676",26005,34261.1224799347
"57",8069,582931.530170561
"318",36069,5861.84492349045
"2097",6083,38101.9246607893
"2494",48423,727.885904854164
"2331",35001,519152.471865563
"5565",55059,1379.03016593401
"1893",42029,535114.39987624
"5841",26077,9800.41842631763
"4224",37119,349265.59222686
"5233",39043,75.8162234826041
"2096",6081,81897.6331131753
"3157",8005,11807.5791969761
"5316",42063,1558.77191842255
"6128",51059,148215.208005984
"3922",12009,20938.5716469358
"4426",55133,14539.817241719
"3888",6075,5165245.85908202
"5311",42041,28587.5363605388
"4806",22093,13597.1747108311
"4725",19097,2643.30096013505
"1200",47065,488.449017785708
"5008",29053,303.511282675306
"2078",6007,438.596712468956
"1777",34037,178968.35400534
"593",1083,346.396173699759
"3246",17099,1197.7608743236
"5192",37179,3870.54096078778
"2725",18107,4660.6799225633
"6140",51600,42118.8181315462
"6066",42125,610.797233775258
"3515",32031,29744.5494920574
"3396",23023,10030.2026631133
"608",4019,795733.301505826
"426",41005,162120.294653842
"5106",34035,109253.807724056
"2953",39109,134.960943333381
"3097",55109,1201.74104984582
"4052",25009,619684.577240759
"492",48041,464996.780577752
"110",16081,3950.21534289848
"1650",23011,1705.75234086947
"4511",6097,25805.0946822265
"2143",12105,273.854390038177
"3038",48309,5311.9760351725
"3573",36087,8239.69222532658
"3057",50025,20768.7798149629
"1262",50015,16.6036227987264
"5260",39131,2334.0832336597
"325",36085,3589.85069581354
"5484",51095,83.9351854358912
"2873",34029,14008.3298324576
"4898",26163,364136.362611716
"1885",42001,583.115976052172
"2379",37081,111.408194916956
"129",18009,919.233778154242
"3561",36061,550731.062026275
"592",1081,198110.507496041
"5144",36067,359584.177810598
"118",17097,213333.192972038
"3288",19031,24.7505297385715
"2789",25003,1106.59684591577
"5165",37021,35973.6340013426
"983",35049,954.316870707997
"667",8117,4919.33549356647
"362",39019,677.459756281476
"54",8031,201579.543156596
"4308",44007,419027.525229341
"3107",1089,28674.8701326248
"5683",8069,285885.188302136
"642",6079,20977.2520078626
"1380",2122,1588.66120735513
"2297",29183,6682.61563746748
"557",53073,1193.61106484154
"3940",12103,51001.8437852777
"4678",18073,567.729390277912
"834",22121,43.313767412385
"530",51107,32937.9635927293
"3094",55079,334845.081380997
"4092",26117,388955.144101166
"4926",27055,10494.0063020756
"918",28075,1807.59943909943
"1406",6067,2006.13464543559
"1926",47037,270128.506957786
"5369",46057,2953.11458130484
"1311",53025,8121.17636708199
"98",13067,168735.83784164
"5034",29165,2364.73659710279
"5092",34005,1440114.48156593
"5937",36025,200.458394959569
"1658",24027,88696.3430658667
"4957",27117,1263.21390578353
"4005",19169,515062.199884606
"1082",39097,4479.9317522901
"5300",42001,2057.04813990742
"4447",1117,59099.0823654108
"2613",9013,109136.313287676
"3834",55115,27.0800370989414
"3261",18057,5987.52531471132
"2022",53035,6381.01023743183
"4486",6023,23587.4731169296
"2667",17113,14788.4634074232
"6204",55089,251817.001665518
"5283",40119,26112.1078528055
"4095",26139,493650.827629729
"5864",27047,115225.54042991
"4594",13059,1798665.04484083
"4839",24045,662.362254097858
"5307",42021,99.8542563524097
"5748",17161,15006.5120307998
"1078",39085,8689.67463888766
"3431",26065,30809.2620092272
"4608",13167,61064.7539768735
"5032",29161,2734.44954266148
"5997",39061,2098651.21273669
"2068",4005,3576.87893371515
"2435",42027,416206.938197951
"4146",32005,129.077230765577
"2114",8083,790.62096685404
"4482",6015,3095.60132039711
"2450",42111,225.776692875661
"1736",29125,555.075612113695
"2559",1089,19728.2506409791
"3395",23019,34.0998400325775
"3826",55085,160.705123464465
"5295",41043,6480.92440854571
"208",25013,27403.7536540788
"2837",29019,861001.707566587
"3612",39023,28.6021979726921
"2308",33009,208406.939520456
"3746",49005,235470.500916143
"5242",39067,104.863231983036
"2560",1097,1010.25663039065
"5108",34039,15134.465099694
"5356",45077,65970.2459843927
"4572",12081,133.398648255873
"5168",37035,13246.8868456475
"3075",51775,6787.59862622246
"6215",55111,485678.147354836
"2575",6055,22316.587011237
"4436",1051,797.449047826231
"5318",42071,34087.9895110158
"3447",27007,626.62916675806
"4920",27043,2935.41253470654
"4618",15003,592055.524726739
"1782",35028,4423.31121864683
"5687",9003,181014.83213654
"851",24025,5679.95597535157
"1914",45055,663.957286246203
"677",10001,91367.5812843141
"1993",51121,420610.861002605
"1024",36109,1507157.58397278
"1699",26149,262.997243829388
"2485",48141,904.270019615069
"136",18063,12719.138980381
"1351",55109,17465.4062967372
"4630",17007,1690.56288329033
"167",20111,193656.314362713
"1550",18063,24763.4371277332
"459",42103,283.032362478666
"893",26149,30.2000746875163
"5257",39119,4215.10848553323
"4938",27079,40068.7466056456
"1899",42071,37022.5458806246
"5058",31027,3570.67902760701
"3527",34013,252598.865846069
"2043",55079,267718.608960905
"3355",19171,14481.788597177
"2099",6087,121143.718991128
"4289",42049,3798.77350098957
"2780",24005,22360.6592560202
"979",34041,550.566942659766
"2032",54061,652.851055808426
"3180",10003,767251.692625139
"4508",6087,95502.2920900696
"3945",13015,107.950997003354
"468",45039,43964.8248463141
"2767",21111,278035.551185992
"5826",25017,2238519.35500392
"252",28059,897.42046982632
"2036",55025,396133.32247029
"2399",39049,891812.763160956
"5783",20161,85299.9927691296
"145",18141,9854.1759041736
"5045",29510,577936.702049963
"5226",39017,12151.1089351562
"1526",18009,3963.40813802653
"520",50023,26094.0564081168
"1447",12011,1437.61814509135
"2176",17063,188.358924236381
"2691",18037,169846.252246312
"5105",34031,29321.7673434901
"64",9009,103640.071095974
"2021",53033,443648.373470117
"5135",36045,49.6249359761705
"1356",55139,3624.58376770377
"5173",37063,854883.539075674
"4379",51550,5603.17699406482
"2085",6057,7382.13974532113
"3210",13013,82.9770316630024
"5952",36079,389.079034718452
"404",39129,17179.5055906773
"5027",29131,1765.77671131538
"4147",32031,102418.670339886
"383",39073,49.4331891553514
"3468",27169,601.244821824186
"3613",39025,1702.56919528208
"4490",6041,88009.6535409765
"3231",16013,2909.64877695877
"3245",17097,437232.642166554
"1331",54075,133.187091622502
"281",33015,676366.106205206
"609",4021,118.463924406416
"5961",36115,193.532492211089
"5968",37081,20035.0535273692
"5224",39013,2583.97224558983
"1475",13067,4746.04196913664
"1128",42017,83439.3927719986
"2982",42025,59.8999618267044
"5417",48113,2707982.80104429
"5694",10005,8077.02101215682
"298",34035,60484.7432653423
"94",13005,417.653654636083
"5693",10003,618660.467257275
"3632",39135,1056.67156511236
"5751",17179,5521.34906894295
"77",12071,12138.5937455875
"1682",26055,766.794751733262
"5967",37067,103789.779920044
"5050",30063,9581.09720389021
"4475",5131,3086.92607120201
"973",34027,50278.7313678209
"2154",13083,543.200830346905
"4703",19013,18689.2915783788
"2771",21239,1066.54354339465
"869",25027,161471.828995461
"5379",46109,1194.23181641847
"4119",27169,505.372322878777
"1874",40147,2931.52840590671
"3645",40143,454704.018977621
"5355",45067,1520.73541413576
"2506",50025,47247.9583879513
"4202",36085,27422.4829942407
"4510",6095,15883.0513379746
"4444",1095,2379.33534911755
"4140",31017,651.546545979537
"5115",35043,2060.82872718922
"6105",48337,10387.5092461411
"5899",31035,915.669498665538
"4742",19191,2624.75527301574
"2224",20079,104.943549613468
"5645",5119,7161.5912770528
"256",29027,69.5188527333084
"2875",34035,123064.061168561
"3779",51683,42874.5963899734
"3607",38101,1199.3551135079
"2102",6095,1624.66024275636
"3542",35028,665.151205700556
"3514",32019,640.524716230077
"5942",36045,475.588132254779
"2990",42071,34289.1782592621
"3137",6067,13800.8126668619
"5543",55007,30111.0352353854
"5610",72031,633.342331983519
"6155",53063,31179.4233347049
"6226",55133,321707.376585215
"1986",51059,498604.184197634
"1362",72021,9152.35539342044
"2700",18055,976.19512366131
"72",12011,17244.2110174612
"3898",6111,55116.1852343084
"1545",18051,714.342470860574
"5749",17163,9.8225292359828
"670",9003,402417.35966199
"2048",55131,5216.71157110408
"4230",38017,625.950097826692
"3762",51041,6897.13852534859
"1528",18013,18762.9327871002
"1838",38017,11733.8227966924
"1485",13199,651.424269609917
"1265",51003,9721.78559277178
"1620",19169,376619.439624962
"4415",55063,538.508987892419
"1073",39055,7253.40074870482
"3092",55071,465.142512996681
"385",39077,55647.7693125241
"1784",35033,3492.82919999954
"4106",27037,1824.30702947277
"6074",45073,1667.02443796835
"4550",9013,70720.9767131198
"4712",19049,387.16832363236
"510",48453,308377.283163601
"5559",55043,50176.4561622873
"1277",51087,38533.7834149466
"498",48167,119.377518356635
"2146",12117,22305.6271446303
"1938",48041,534188.826988821
"1325",54029,249.741825798055
"3290",19035,78.3363834401691
"2998",42123,1043.18424490364
"3507",31095,220.377192918031
"4260",39171,1707.88962527117
"3228",15009,1129.83595977843
"266",29510,124220.344412804
"5464",50011,163583.37175954
"1180",45039,727.339158043359
"2647",13245,9757.00152948801
"1659",24029,8887.10769049855
"924",29077,564.514176104066
"2846",30063,5414.62479913607
"1665",24510,140332.745748626
"361",39017,64246.7527831147
"3416",25009,72055.9239529978
"3115",4013,309082.475653014
"2368",37021,56058.4990424219
"5004",29043,10935.6481266144
"3605",38067,17070.7970214279
"745",16085,74.9608264490962
"2907",36083,4590.39937207341
"2621",12063,2451.24812166905
"2401",39061,905999.011427964
"4658",17177,2495.83770924558
"758",17109,1029.9178405835
"2797",25025,1364250.72390786
"3031",48121,420142.752071614
"3816",55027,279.572507394478
"682",12009,3434.7295649077
"5555",55033,12405.1078363887
"2798",25027,762610.968831756
"6205",55091,9595.63858791306
"856",24041,2118.96248907705
"2118",9003,14981.0033447631
"2839",29095,249035.6752711
"358",39007,4250.81636454276
"3569",36079,9188.09609054807
"2930",37119,70028.0774322062
"4315",45077,1729851.56904745
"4646",17107,6089.60832783536
"1467",12117,9596.11398520581
"899",27019,809.228461816416
"1378",2020,6584.60858581433
"811",20157,154.198090545014
"3520",33017,957.60112622126
"168",20173,35603.7712967902
"2605",8093,1326.71767809279
"5419",48141,782.3557792129
"1745",31055,22496.9143545795
"4292",42071,7336.66596098366
"471",45049,9623.88312416337
"5463",50007,1315633.07970764
"3909",8083,790.999980021548
"5387",47063,283.976744413711
"458",42101,3060131.15534064
"3853",1117,96545.9687832903
"2754",18183,5605.0278750196
"1671",25017,2800427.66951588
"5119",35061,86.0011958498508
"1714",27123,9192.88106361426
"5411",48041,455351.276777232
"3499",30063,832.333533218063
"2243",24033,5690.28074535608
"4778",21073,2127.87962106289
"2489",48259,659.515754557201
"906",27099,874.463749964219
"1076",39077,565.430014601976
"3827",55087,173.222621521228
"2119",9005,1712.83347251168
"3163",8059,3044.19297771859
"523",51041,20169.7421162274
"2120",9007,671.204396955466
"6208",55097,1263646.46746085
"5892",29510,229711.483800947
"1345",55085,1572.94664635231
"1663",24045,462.16810617167
"4344",48329,8710.17992054253
"4758",20117,68.6658828115929
"483",47093,234913.189594683
"2854",33005,660.991094990044
"3943",12115,275210.443764221
"3359",19181,19.6760162292314
"5270",39165,9393.93018440086
"5709",12105,1820.62851383351
"4558",12011,85097.2616955602
"3046",48491,583784.024256246
"4749",20045,270876.006744304
"6030",40079,4869.68776594847
"3302",19059,1607.89312432006
"1449",12033,205.077550207777
"5213",38071,5778.41637876865
"4283",42019,31336.9173943263
"419",39171,9855.4970738478
"1102",40109,4884.12146327167
"3814",55023,121.298950479541
"1303",51810,3478.69081911888
"1821",37035,5392.77879279834
"1146",42069,35265.2335739018
"155",19061,1575.36457173641
"541",51700,1128.91284826328
"5024",29121,7984.60868481781
"5924",34023,117616.335933543
"5409",48037,54.5594404115635
"4750",20055,46062.6807567585
"939",30089,42.9258718216904
"6236",72009,6073.6934711691
"2623",12075,4090.86545457783
"3440",26125,13892.8987693205
"5585",55113,88973.3620489127
"4925",27053,77687392.6083913
"835",23001,1991.13077105209
"3108",1095,875.580131093971
"1377",1127,5869.15097612655
"1420",6109,882.877559199149
"3996",18157,24250.7128251767
"3621",39059,64.4256002213806
"4714",19059,84.1414140587207
"5592",55131,9731.74354668472
"81",12085,541.969663323153
"2059",1073,260655.582116728
"1245",48367,86.8138583526388
"5030",29151,250.475997891226
"2398",39045,2964.67580487952
"970",34021,2255493.28755144
"2699",18053,12690.1522333024
"3047",49005,71879.3484691188
"2905",36079,419.621733446105
"409",39141,5529.81396295698
"5797",22103,3896.89460594673
"2391",39009,1375.37034333006
"5197",37197,1476.67306352181
"815",20177,5911.76030578112
"4584",12111,10224.3267507292
"2741",18145,4342.26144044694
"1827",37113,849.588232015525
"4704",19017,20455.7452815353
"4796",22033,83053.5725556423
"310",36047,23614.4563348852
"2970",41029,2715.49326808061
"5982",39003,91.175619722344
"1310",53021,767.315912187123
"3301",19057,30251.5608955086
"4672",18043,5870.72808754829
"3700",46109,552.209393186923
"4259",39169,11896.2178829242
"5987",39017,1693.23088034686
"5282",40109,91334.4836682203
"1941",48113,536137.097879186
"1010",36077,1228.70712301191
"2743",18151,379.764812719077
"2772",22033,325985.143689869
"3308",19071,13.6182323741578
"799",19087,11.8563993930481
"712",13059,447622.283749889
"5823",25009,75906.7956488326
"2886",36021,8569.37292016964
"76",12057,121651.568551928
"4084",26091,48604.5028640382
"5310",42039,5377.10346163772
"553",53053,51.9142929822141
"5478",51059,227777.155346597
"3356",19175,12541.3174064953
"3711",47113,976.145201073401
"1571",18105,122218.774946705
"6223",55127,185507.526361567
"5725",13219,109.173262745701
"2805",26061,2629.60620167525
"5202",38029,2265.28922239132
"6186",55055,28588.6172342697
"5897",30057,34182.6184402336
"5061",31037,82.9247904344155
"2637",13057,295.434116060141
"5378",46103,12694.519328272
"601",2016,702.375876930731
"3939",12101,2408.44716646709
"5957",36095,727.2047303617
"4194",36065,5186.38458117168
"3947",13057,522.254422669066
"2325",34029,48.8637658412419
"5723",13151,93.1691862270236
"5269",39163,32.8467162114834
"1103",40119,23098.4470879789
"2142",12103,71261.917296492
"5833",26027,25.5881638962775
"5209",38049,1196.03764973569
"3999",18177,1406.20445165293
"5433",48319,19380.4159172139
"4836",24037,522036.03951305
"5703",12073,5001.66056871867
"5960",36111,2275.50769275054
"2870",34023,300073.697955285
"2134",12073,1083.94863124475
"4969",27141,50149.300760955
"5583",55109,29930.3683736367
"5489",51153,20.8686775877457
"2462",45077,1703.25559470452
"3628",39099,120.220133867981
"1135",42037,118.828143153471
"3720",48031,13080.1010999845
"2608",9003,18302.9804909584
"5343",45013,223.622927155903
"2070",4015,268.910387678701
"1511",17111,44833.4729521038
"4149",33005,1342.06817652657
"5781",20091,13813.466783466
"3429",26049,122776.327809386
"2589",6085,650172.262655888
"61",9001,244344.385809086
"4984",27173,3031.61999641965
"4069",26041,61.0120849173516
"1275",51079,4150.92469725525
"4256",39151,79503.3196553824
"6101",48217,1986.195583269
"4200",36081,3985.21532445523
"5327",42091,4229857.72056526
"4844",25005,54389.4408588809
"1690",26091,4626.75103406218
"2914",36111,1049.53850132736
"6217",55115,236092.85699235
"3049",49035,172678.66573197
"3384",21239,326.104824990034
"2433",42011,143.117150499139
"1742",30095,557.691685730108
"3985",18003,3622843.9032803
"5613",72047,1858.86721396819
"971",34023,2650966.45178492
"4462",5009,2651.58092382812
"4935",27073,50.4268344831606
"3414",25001,33053.6144927129
"1613",19071,429.019530653795
"309",36045,77.5038787976885
"3296",19047,243205.856902982
"5365",46033,7598.93476054247
"4417",55079,2415239.9165308
"714",13073,142.353382887901
"2919",37021,29487.6054110905
"2712",18079,310.746878301725
"2081",6029,2284.59683687007
"1347",55095,183.227831627179
"574",55059,4298.47006552741
"1564",18091,14331.0850005345
"1478",13089,4168.17924172743
"5042",29209,146.870219269982
"697",12085,66.9238697437476
"4498",6067,61277.317871687
"5553",55029,6912.92965698522
"5979",38017,79392.6803275782
"1763",34005,4859.40672782105
"265",29189,1248219.724155
"359",39009,411858.677795039
"5364",46031,1186.79902278185
"5031",29153,6162.51373915533
"5879",27169,2259.92471606086
"3196",12085,27.3107792660594
"4968",27139,98109.962596076
"4537",8085,97.6330610087793
"80",12083,285540.745008903
"2976",41067,27717.6820307533
"5191",37175,819.93740062695
"205",25001,5245.68777844869
"214",25027,83547.3144205515
"6034",40147,3577.77610971825
"5534",54029,153.403514782484
"4826",24015,2002.53946715966
"5873",27123,55402.3734705536
"1951",48209,4662.31305286478
"1930",47093,508617.123005456
"2359",36083,15298.9284319148
"3730",48201,911116.642591891
"888",26111,939.073767380239
"866",25021,101234.543918066
"2112",8059,75260.9288409808
"4656",17161,2248.43382838953
"5498",51600,53248.9393246909
"1007",36071,490.063276755502
"740",16027,3801.13251520157
"4832",24029,78016.6921548107
"1816",36117,15952.0910012132
"2294",29019,529.638255108148
"3143",6079,28756.0165045407
"1708",27053,2941201.43143382
"2268",26075,6602.33826741452
"5151",36087,6317.16836198234
"1598",18169,1691.64270219012
"289",34015,123199.216508553
"4203",36087,17910.7091189378
"588",1003,1615.96072383458
"3277",19005,16474.8173623487
"3489",29169,43.2207976229768
"4597",13077,19558.9019074824
"4888",26127,6262.51963198754
"4291",42069,12668.3503752165
"5887",29077,2755.72539838776
"5011",29073,17231.1663805321
"4663",18003,14497.7581986769
"2932",37135,920834.556285786
"4861",26031,28.1458322132039
"2440",42045,6198.37872262474
"3763",51043,170.660327890587
"140",18091,7435.19409961999
"1982",50025,4881.55722025353
"5969",37109,33625.6279778676
"6112",49005,179223.400307198
"3093",55073,1278.24674479989
"3317",19091,497.463229415209
"3399",24003,34872.3053917571
"2235",23009,4315.28976886433
"4983",27171,182235.453146983
"5490",51157,2087.7443051897
"4622",16045,2100.53564168581
"447",42055,1653.85121293182
"146",18155,323.428775301436
"6081",47001,350656.330622797
"4000",19061,3539.1558386779
"3209",12127,1359.92212969559
"913",28035,322.770910702273
"822",21067,11199.1922095629
"4186",36027,1215.41465080669
"2117",9001,29473.714154865
"4723",19083,560.848226659782
"1009",36075,430.538586498663
"1768",34017,2617.51276072633
"3659",42017,18581.2976937003
"1985",51041,4399.32057107871
"733",13255,639.771172890253
"3370",20045,115553.955872689
"5428",48259,36966.2856040265
"889",26117,5106.89961977161
"126",17197,5313.00879026038
"5079",32021,267.889674380422
"2633",12117,2626.65079280576
"566",54087,1845.45842818916
"915",28059,340.812003146857
"3551",36023,950.144622030258
"4876",26077,24826.7881138672
"2488",48209,8810.79557756893
"1990",51087,6011.43116937522
"3",1057,386.889595958233
"4079",26075,509899.577603786
"4873",26067,87.5471715971977
"6007",39095,425745.622460303
"2483",48113,642155.724997864
"4393",53031,12501.4099756833
"1581",18127,161696.764643227
"528",51087,1789.59745595735
"4231",38035,112116.064227296
"1433",8101,710.027293595234
"4097",26147,4886.81454548151
"4150",33009,1680779.59524309
"63",9005,26423.5633277055
"307",36021,89003.3357042943
"5206",38037,760.236216068733
"5137",36053,23091.6766747141
"4354",49011,340215.12143564
"441",42027,500835.245097468
"5329",42095,20535.3351759124
"6243",72071,12436.252610716
"4253",39133,381070.414461229
"4493",6055,64726.6460076291
"3040",48339,12711.0538461609
"280",33013,4832.89660901286
"1962",48355,2453.27083321445
"114",17037,7896.44405312398
"5637",1131,99.1600573249161
"442",42029,257313.284992119
"4009",20161,90357.3742244351
"1429",8059,13856.3459251955
"68",11001,527861.873094988
"1668",25009,603331.533802976
"1171",42133,166773.41046937
"2763",20209,95646.999971087
"2223",20045,100744.419702612
"709",12117,22761.5216279036
"5902",31119,155.492785025388
"5290",41017,10252.7718423049
"390",39091,3597.83123963788
"6002",39083,362.646157760173
"1179",45019,954.946624055542
"782",18059,154.367396240216
"339",37063,669032.983310597
"4361",50025,23155.8433741039
"2351",36059,103545.301368227
"3056",50023,20361.8092482219
"4087",26099,314468.645584859
"5368",46041,1402.88753527915
"2470",47037,84751.8026773588
"1107",40147,6118.45364423376
"4008",20091,59072.1900107776
"1193",46081,287.271238307375
"561",54031,87.8853379711509
"801",19103,323223.926103639
"2770",21227,29657.3010312199
"813",20169,218.740638213758
"5915",34003,32028.8058056476
"1918",45079,16020.6579648519
"1495",16067,79.1009850148112
"6160",54061,48709.6123040027
"616",5131,2358.29119929137
"1116",41043,507.619751841137
"2744",18157,3799720.59005773
"460",42125,10371.5638489188
"577",55087,8280.73309194893
"1588",18143,8112.19087721891
"2879",35001,26557.2881428868
"4527",8039,2303.6243589233
"5472",51009,1393.96209499212
"1684",26061,2870.97028188048
"1067",39033,127.759112025028
"3956",13139,46774.6404776222
"571",55043,2736.44315269576
"5458",49045,1188.64888556418
"1855",39095,7952.6237223786
"2822",27019,583597.897212218
"3250",17143,245.123619940226
"99",13085,969.287503880041
"1817",36119,6647.60469979815
"3187",12031,6617.43205976942
"4686",18107,2695.95745588541
"3085",54037,21714.4326097127
"235",27019,13286.5602075332
"5167",37027,709.872205939144
"1301",51770,4073.02803935226
"4137",30031,57866.2760712704
"3892",6083,1584166.36053206
"803",19113,1791.44614224769
"5798",22109,3509.12178320234
"75",12033,494.549076676012
"3584",36117,76781.3295321164
"1222",48085,21325.0767260264
"5251",39097,129.64320915699
"587",1001,15.6254148952961
"2061",1095,3622.96359290332
"3969",17031,11458544.990328
"2901",36067,38982.6157949801
"3793",53055,25759.5704501541
"4858",26023,121.814348128955
"598",1119,163284.316603331
"1534",18025,69.5537773019169
"963",34007,65714.1126978385
"3555",36031,299.377527590733
"440",42019,14702.7166686179
"3340",19139,19500.3314719432
"5211",38059,4859.20157784876
"5495",51515,437.29412648225
"5268",39159,664.055504037679
"5746",17115,4448.52701045455
"3011",45079,7596.40963939707
"1168",42121,337.991925407443
"120",17111,18198.5155207564
"2568",6001,1001463.87348832
"3696",46033,22.0016336667817
"3181",10005,18034.3184291618
"261",29103,17.3300960291573
"144",18133,366.797462049872
"3829",55101,23277.7236476765
"6027",40019,47339.0489919838
"6080",46103,29672.3313946668
"6181",55045,4353.37274221575
"4076",26065,11122062.2550824
"570",55035,39.660083335761
"2966",41005,788.086538662901
"5155",36097,541.82390055446
"5014",29079,27.6239022054058
"1489",13245,4827.09336433292
"4319",47037,434445.156760745
"5563",55055,16734.1083725356
"6139",51550,1114.51181367531
"5019",29099,1382.48750725806
"4613",13247,179.474557275589
"2514",51069,1489.52387798419
"393",39097,14668.4804381988
"3388",22051,1087.35062638828
"941",31023,64.5539472989961
"5153",36091,609.646656151844
"4496",6061,264297.269516012
"2476",47163,3746.24762762715
"4909",27019,410698.952122537
"3799",53075,9575.78298959972
"4611",13219,61581.8739433108
"1434",8123,6877.89244679969
"794",19013,90.8979467760771
"5825",25015,53796.0100261755
"1029",36119,1071424.40613188
"3842",55141,3157.40239583953
"1365",72069,155241.845482643
"3496",30031,106213.868069329
"3192",12073,112847.425983359
"2944",39049,2638605.94942074
"1662",24041,546.877082299931
"3212",13057,902.13548374573
"2211",18157,5409.18213420294
"400",39117,1955.73389476029
"4760",20125,3636.8978831917
"1432",8077,72372.9056622441
"191",23019,470743.669392579
"898",27015,19381.5234670393
"5426",48221,585.212855323287
"2584",6075,822646.690729943
"2997",42107,956.123968629166
"3567",36075,20324.9093828123
"3165",8069,95614.4020211185
"6086",47149,132.42424209785
"4763",20153,16447.2038804088
"6049",42029,9421.37984591096
"360",39011,423.817648350702
"596",1095,331.854110062402
"4650",17115,2027.13080326095
"2145",12115,38873.5105784713
"2598",8001,59780.6677566235
"5714",12127,3845.35986484755
"1051",37141,2677.36625076052
"3077",53009,1178.59765926882
"4169",34035,509187.193206664
"4998",29019,1538282.2996963
"4402",53065,2700.02103230307
"161",19167,2115.89306428656
"5895",30031,80883.1421105564
"227",26111,558.133600149361
"6152",53053,595.395494767498
"28",6045,3483.54691500626
"2426",41039,26506.7533324666
"1460",12095,287022.665541213
"1988",51071,42507.3564949912
"3627",39095,10616.965131687
"3205",12105,2112.29637905462
"6175",55031,1865588.26570542
"646",6087,117181.739862113
"1288",51199,64570.0712774063
"4089",26105,1029.38376348466
"6179",55041,26208.6902056825
"4964",27131,280704.995644146
"5267",39157,9054.37742015952
"4588",12127,5796.92265003808
"3259",18009,58.1988438891433
"387",39083,4050.06739544464
"4250",39097,1874.66339683705
"1080",39093,738.101726078911
"5653",6041,19320.8476184368
"3811",55009,417.385097108311
"3020",47065,1637.60980661027
"3843",56001,1152.48439522591
"303",35049,271.884168586694
"5494",51510,166307.651238167
"3479",29047,4760.4865519614
"3029",48085,23776.2533338692
"3968",17019,3776808.83760731
"2696",18047,75417.0974275611
"2546",55079,2868634.88664508
"4385",51770,316037.0883813
"1737",29189,115294.070878942
"2714",18083,2728.82087697354
"5670",6097,5786.093137791
"4279",42003,23876692.610422
"2464",45087,51.8236634700238
"5436",48339,27018.7757605579
"2972",41039,28629.4319065024
"4405",53075,3857.14138725411
"1902",42089,1123.3285091948
"2669",17139,362.5334150307
"4355",49021,840548.505925378
"1393",6013,370828.399049352
"322",36079,5511.02279504397
"4372",51107,51891.4105874463
"349",37135,536193.443277865
"1524",18005,68795.7687334537
"635",6065,776378.685593582
"4887",26125,94141.348943324
"518",50007,145663.86433488
"4335",48141,20546.3660285757
"1892",42027,1418087.99106773
"4524",8031,478150.309196933
"5804",23023,21740.1093034068
"4802",22071,345430.760741781
"2757",19113,17763.3662826521
"4910",27021,113661.588102811
"2799",26017,1624.81103106435
"5666",6087,47531.524737497
"978",34039,150135.693030169
"119",17099,425.603283320758
"3286",19027,248477.782042561
"3291",19037,32.8162338375598
"3193",12075,865.028218046361
"3266",18097,518051.389865455
"2385",37179,365.847085320439
"5048",30047,171129.590598044
"3683",45019,49640.9767845954
"3175",9007,3863.77106002368
"4573",12083,8837.89528675943
"4947",27097,25702.9694271812
"6146",51770,2568.67098830905
"4172",35001,1069322.50827929
"1883",41053,2621.91982958532
"3438",26115,60.1518847798193
"6222",55125,56222.1876823062
"1133",42033,3863.30016649354
"2796",25023,6337.35436480928
"1751",32019,552.820616449316
"6090",48039,543.095109821297
"3005",44009,1245.29508801876
"1510",17097,107267.24242574
"2350",36055,27000.8887834452
"6173",55027,125865.785033477
"3224",13233,1139.59366835989
"936",30031,156172.729266705
"2719",18093,164328.151833715
"143",18105,29602.7832463428
"6158",53075,191686.812995676
"3464",27141,40.384096359713
"582",55133,22014.75694753
"1566",18095,28195.9756628118
"3138",6069,515.566003172474
"2101",6093,17193.9158316351
"2779",24003,77224.8832165926
"5788",21067,111307.761227057
"5728",15003,77021.0066588427
"748",17037,570.651016004384
"1176",45003,9654.67514526689
"1220",48039,3532.98868862651
"236",27021,2612.70348379394
"2555",1053,557.95713875792
"5691",9013,37994.9715061169
"1000",36057,148.526119687362
"996",36047,21568.6569043476
"5704",12083,51266.811865374
"3091",55063,53375.3404348371
"3917",9013,249886.292300101
"1324",54027,333.698914492434
"708",12115,39289.5778387743
"6019",39151,14618.990874967
"5886",29065,497.988761751913
"1340",55055,7921.6401046486
"5220",39003,4570.40699136811
"2820",26163,80667.6084843017
"527",51079,40833.4040616726
"32",6057,10909.4359056512
"3012",45083,399.06786075144
"2965",41003,7717.36320918542
"4655",17143,533.406743224198
"1204",47109,162.475344751463
"6100",48215,2988.51299397647
"5528",53061,14879.2234551887
"4180",36007,1300.23803153977
"2617",12001,774966.167362761
"902",27037,126123.10496706
"5699",12031,126.71048984827
"3620",39057,3489.4669291664
"398",39109,30848.6893622092
"4280",42007,5413.46628209598
"2313",34003,18789.0688225212
"1371",1073,11796.9214855609
"1851",39057,69459.6386729449
"3823",55073,19256.4141440018
"4487",6029,9096.10652731358
"1805",36071,3809.36718928665
"4533",8067,9262.09463731243
"4403",53071,29766.0282087671
"4459",4023,22742.0909498905
"3140",6073,1411237.74551921
"5245",39085,10299.28612498
"3836",55121,236.396052347147
"1250",48491,34108.5309557713
"681",12001,694472.348655742
"2622",12073,3254.47935774658
"1278",51107,114367.646760323
"3233",17001,135.675926862471
"5177",37089,1068.46571220798
"2533",53033,749796.520498218
"4047",24043,178.179025413521
"1484",13151,187.266379531386
"5983",39005,19129.8486954637
"2028",53075,354684.966466076
"3556",36033,102.047706025839
"1974",49005,15440.5483950765
"2655",16083,268.920301111557
"1540",18039,42414.5539461304
"5885",29051,305.117186956201
"4261",39173,145354.485768641
"2874",34031,2239.73437134583
"5727",13313,2288.24401572347
"6210",55101,190864.778699042
"4894",26153,227.287807012908
"2128",12009,180.402446900389
"2411",39151,102555.609806058
"3955",13135,152809.061381771
"3420",25021,79894.4701906744
"1739",30031,448286.301796993
"5392",47109,232.075973555297
"1532",18021,126.341131624877
"248",27147,3487.5920650733
"5395",47131,826.615406330831
"3430",26055,3474.44906557635
"2863",34009,17117.3452001172
"4273",41039,300597.153432302
"3314",19083,193.478695213608
"4040",24021,1668912.02981159
"965",34011,30703.0633797954
"194",24003,17888.9394046641
"2366",36119,3816.41567941379
"4649",17113,300713.347151159
"4840",24047,185.606263762241
"3812",55011,310.534428206139
"3226",13291,226.237368967384
"6144",51710,12395.6120206485
"3087",55025,2739816.4363363
"4975",27153,8102.02287199875
"5701",12057,371.187058250047
"1542",18043,5263.79547064809
"430",41033,527.832093529217
"751",17067,302.593571590359
"3155",6113,450768.842683391
"1569",18101,1297.36487720357
"1333",55017,2624.04439785213
"35",6065,133931.512184068
"3002",44003,2624.13526690006
"2626",12086,124070.346512575
"4083",26087,6207.13607809299
"5348",45043,39635.8960345202
"1541",18041,1396.35387108308
"6022",39165,1429.16346488055
"5762",18141,292050.383033232
"2962",40119,230527.901175165
"1923",46103,540.294469498503
"727",13187,18.9672788884453
"4430",72113,86378.3952016325
"356",39003,4008.50757610964
"5333",42129,14190.5019730092
"3217",13089,144494.347900515
"1348",55097,96.2659538559429
"4986",28033,1432.91146576069
"3237",17031,5952415.6311799
"4990",28121,142.814255927573
"6141",51620,104.88827962894
"3751",49049,8521.61505257368
"5619",72091,4380.44260852039
"3852",1103,322.7732585437
"249",27163,405.949952886673
"3453",27053,3817949.03536902
"6216",55113,36081.2703211797
"6042",41051,139482.83922402
"5786",21035,5708.8457868062
"4446",1101,311793.820104383
"5581",55105,4234.6846482621
"3810",54107,36.0883937732475
"5831",26013,621.397788778112
"3510",31153,13191.3230217048
"5223",39009,59412.4390630034
"1315",53035,222.144921037955
"4309",45003,69785.1311716839
"2826",27109,16879.4361155255
"5900",31055,14700.3185132042
"4257",39153,66838.2116515093
"2305",32003,6840.44971511263
"2084",6055,1866.50324899961
"4967",27137,2268453.15561319
"710",12127,23.4372483452205
"4300",42091,215162.441458272
"5006",29049,1603.81831271787
"3983",17197,1823.86364076709
"1158",42095,148115.473102387
"3718",48027,294.794429767694
"4456",4015,6005.39882395158
"4756",20111,1204.75444914682
"5772",19113,27434.5610852199
"186",23001,44.8181735390797
"1525",18007,16378.8991255745
"4139",30111,18008.8145538233
"2122",9011,2986.01435638689
"6087",47157,1362953.54279155
"2795",25021,118226.69873579
"1946",48141,159653.7084632
"5445",48453,2044825.71369805
"2167",16013,347.223289248662
"2163",13245,2614.07551439945
"4525",8035,1516.8726623279
"173",21067,803296.325648055
"2427",41051,3314.96187235557
"2526",51683,2298.10167185447
"4509",6089,26065.1292387537
"1726",28105,30818.4954355837
"2824",27053,1202315.24597033
"3601",37183,205175.685432478
"1896",42043,487.590284598991
"3461",27123,266059.364781864
"3889",6077,2502.69782806747
"2662",17089,606124.29270622
"3260",18023,5810.52040058439
"4994",29007,103.038822202832
"97",13059,261962.713421769
"6161",55001,29984.7388878607
"1703",27003,7938.25690589953
"308",36029,109826.865087331
"1118",41051,153128.664687804
"5500",51660,68.0480273919012
"4587",12119,111.557320126332
"124",17179,4344.04704060522
"1743",31013,234.463194179004
"2765",21037,2851.64764680328
"3063",51107,28009.5736911018
"3772",51510,77258.3780173193
"685",12023,852.557377959415
"1276",51085,4623.45836657377
"4252",39129,382.639912534505
"4812",23001,839.586825152511
"1607",19005,186.01350172746
"3701",46113,223359.770566273
"5397",47145,672.481149569118
"5067",31095,122.322251487093
"3352",19165,118059.795328426
"2283",27109,2076.58323851522
"732",13247,151.746922695865
"3158",8013,88924.6058589019
"1479",13117,920.390338979568
"4158",34007,157857.41880239
"3699",46103,22772.4070505824
"932",29213,7538.55522752094
"720",13117,714.157539107116
"2673",17197,38118.2592148445
"42",6081,775471.138102798
"4228",37183,160135.618901715
"2697",18049,237516.779878199
"4234",39009,9050.64644210635
"6198",55078,438280.970477845
"5744",17111,183984.955805117
"2454",44001,101.142511665821
"4021",21239,1447.38019533595
"4398",53053,37332.4145413563
"1483",13139,24226.3786588398
"3068",51540,320340.958219705
"5049",30053,16758.1458597882
"2381",37119,348625.227980854
"4854",26003,2948.6194605079
"271",31055,9265.47636056598
"17",4025,3033.24400675057
"166",20091,29892.1028493864
"6230",55141,2299550.55370859
"4545",9003,27049.4070886306
"2638",13059,1103898.891751
"223",26081,8718.67914719015
"323",36081,4087.20574242501
"5998",39063,109.52121428214
"600",2013,2420.8653357921
"4988",28071,4044.7580303396
"6206",55093,691694.236232362
"5403",47187,1211.21677072245
"4502",6075,3389628.32180675
"4751",20059,60.5908997058384
"6061",42095,28972.8639288886
"2402",39063,3319.62301272492
"3903",8027,20738.0812527165
"493",48067,2429.05870951214
"884",26077,21531.4670751622
"4018",21117,4569.31394042331
"2477",47187,2465.66737104045
"1803",36067,61157.2470606247
"5308",42027,111990.201980681
"1134",42035,5174.9831563114
"5536",54061,13581.369047469
"4484",6019,11250.3574272618
"3655",41067,7606.96574225043
"3598",37135,855290.272914767
"5667",6089,237.941250592134
"1481",13127,1551.09824973317
"38",6071,145963.960974945
"6055",42071,61.3636976266671
"3565",36069,1141.53345706558
"5525",53047,7087.78536180573
"1058",38035,178.910075721849
"5904",31159,898.647195423409
"1536",18031,55685.5117635731
"5538",54069,51.5628187715542
"1161",42101,13047169.1318002
"1352",55117,787.423764919479
"4768",20197,953.438087607895
"2314",34005,666.959913576394
"1976",49035,144855.403607026
"241",27109,65628.9252234565
"2629",12099,76119.5342316915
"2866",34015,5238.67643533645
"5189",37161,3987.41097419523
"343",37077,366.570410372617
"1713",27119,423.133024489507
"199",24031,326609.703715153
"3101",55139,25174.7114818881
"1840",39003,2010.5586480414
"4500",6071,36010.3592160864
"2665",17099,1630.47235856052
"4181",36013,2173.7796619226
"6246",72097,152338.478990643
"4921",27045,7832.33091228698
"2116",8123,15977.653574991
"2185",17111,128108.552614675
"3693",46011,1326.38598532218
"874",26025,137.397736714514
"4792",22005,3977.27463741524
"401",39119,58075.4331495837
"2794",25017,1293999.09348796
"1274",51075,444.0618843454
"24",6013,1088203.210498
"4437",1055,11084.0478955908
"959",33019,19016.037192528
"5837",26061,206399.288184751
"3306",19067,687.888647809883
"5070",31131,10381.5024678218
"4971",27145,275706.244200356
"5726",13245,2297.51859417078
"3931",12075,5876.47416295596
"6015",39139,629.189511062577
"1256",49049,65589.6818331024
"4313",45059,1979.20750638859
"1096",39159,501.076785706252
"4123",28089,201.990223398409
"1062",39009,2802.29721335498
"5296",41047,147.714199248943
"6025",39171,105.127975614741
"6082",47037,56716.8066060129
"2910",36089,86881.5389281911
"4982",27169,373480.433247146
"4916",27035,107471.051269991
"1692",26099,10985.4269527688
"462",42133,27523.2684891707
"4222",37067,460602.054611801
"3131",6045,468.417511959153
"5858",27017,123.334586424753
"765",17167,493744.482928729
"2893",36047,38088.6201677509
"1612",19061,150.266089917698
"4880",26097,91.8928028503433
"245",27137,1334.44650766673
"764",17161,14008.1477980463
"5761",18105,1361488.08018393
"3966",16005,83206.0779659336
"6187",55057,27258.0929388964
"196",24013,46015.8407822394
"5912",33015,13504.7313356336
"2076",5143,2072.91607092232
"2079",6013,23213.626672121
"3182",11001,429417.615124413
"279",33011,99125.4038814374
"4088",26103,800.913069290851
"1235",48257,211.768342853524
"3944",12117,24924.5935298249
"331",36117,3208.62641413563
"1355",55137,10.4270132670505
"650",6097,17773.21735898
"2047",55127,190.003734076023
"4191",36059,729514.264246742
"6182",55047,27867.5245547984
"743",16069,296.403218556966
"3262",18059,534.036582405679
"1585",18137,508.086560762767
"264",29183,49844.1237849207
"1132",42029,376997.492921342
"2929",37089,1513.80938095413
"2738",18139,96097.3932061117
"296",34029,65814.4565913569
"4377",51510,7610.90067878165
"5152",36089,22277.3946799322
"1089",39123,14.9777502212673
"23",6007,466.507201606873
"896",26163,355766.360448564
"3473",28071,24399.2891236441
"4090",26111,13938.1673055189
"5485",51099,604.804348696489
"613",5009,6519.20263761622
"3616",39043,2677.98584379523
"5856",27001,2707.31506147422
"2709",18073,3477.80218331849
"4531",8055,37.8552668492887
"1787",35053,1917.83505681513
"923",29047,14.4099915715866
"1286",51165,9317.58840377443
"3482",29073,195.038679363951
"5862",27037,43600.0669650921
"5624",72123,3165.98697660848
"3857",4013,1362171.45730807
"789",18141,539189.235351078
"2594",6097,1347.44423134973
"2098",6085,2111147.12624159
"379",39061,1511775.35797337
"5740",17085,7957.42955292448
"5452",49011,61408.2331387192
"1350",55105,5540.40019890465
"3851",1097,36206.1338614808
"336",37027,3897.92801674815
"5598",56001,103025.282641955
"1753",32510,2411.38593558898
"52",8005,368957.011612761
"1640",22005,301.109391360806
"4577",12089,1564.08655682202
"3169",8107,52.6065911610425
"3469",28001,86.7364519245098
"4671",18039,10930.3938117136
"1716",27133,321.654360232676
"4201",36083,378194.003912889
"1099",39173,802.123184746471
"4474",5119,408394.425373509
"3102",55141,6154.4833735388
"3924",12021,5344.00388877913
"2705",18065,127127.820313408
"4293",42073,1832.29860305786
"2860",34003,631866.531146814
"1437",9005,29192.5151176954
"2474",47149,425.945811569542
"761",17125,65.4278284360189
"1529",18015,27794.8697305998
"1455",12075,127.258401818055
"5227",39019,1150.87120910827
"4195",36067,45128.4891422218
"1638",21195,932.098095165566
"886",26093,5039.03612554269
"5413",48061,30901.0362937732
"2420",41003,27198.163264712
"4759",20123,22056.330913303
"1241",48309,1354.63936393838
"4148",32510,386.662665712488
"4376",51199,2297.71962937713
"1916",45075,298.092855152604
"2943",39045,2376.95519256676
"1660",24031,508927.603471619
"634",6061,58547.9177920773
"3998",18171,8503.47603352949
"2215",19013,447.501729879672
"3597",37129,203110.2672795
"5792",21185,799.157884521304
"5554",55031,9492.23930177376
"2156",13089,22010.1163319473
"2897",36059,114381.285345075
"5671",6107,54.530690992251
"4134",29195,10035.3173646145
"2582",6071,22538.0950116452
"5842",26081,7815.32780660689
"4066",26029,81.9027179328259
"6051",42043,715392.706759376
"4857",26021,14119.4343109588
"4626",16057,4223.9244414214
"1975",49011,23077.9958028938
"2269",26077,10375.7727666217
"5172",37059,3852.76860519312
"4814",23009,1803.13202281729
"1423",8001,2114.77573197641
"914",28049,14049.3415625809
"921",29019,3030.77978255696
"6029",40071,20904.7824544089
"2734",18127,18053.7609087701
"2902",36069,11259.9121632536
"5163",37001,20519.4603745193
"3663",42029,70715.0907462205
"1059",38067,3211.12993796532
"5724",13211,8685.75304634869
"3949",13067,1521.62448741699
"5731",16013,3948.53844372556
"47",6095,114.659627250901
"5116",35049,477151.686530655
"705",12107,37540.5944561589
"1396",6023,4964.93835073343
"1386",4019,198393.588715623
"3725",48121,38645.2838968872
"1860",39137,3120.80759982749
"3287",19029,5372.05001522199
"2737",18137,439320.432952355
"3646",40147,2948.14091403559
"6103",48287,9947.95574282529
"423",40145,248435.28551642
"2677",18003,62464.3793957612
"2751",18177,788899.45278281
"4057",25025,8929893.48236348
"4912",27025,118130.569264149
"1822",37063,101610.98394074
"2672",17167,3172.31702824405
"6036",41009,1459.34506289661
"4707",19029,296.76214368403
"6032",40119,61042.6648038795
"372",39041,618623.999741148
"3869",5131,20662.8559977305
"433",41047,300.61044665619
"1074",39057,282858.464070612
"912",27169,95.759749274875
"1504",17057,45.5633714282885
"5651",6017,25310.8303081056
"1576",18117,5759.86902994002
"3638",40027,360.143641456962
"2572",6041,7157.40839588821
"846",24005,1088494.55631868
"1110",41011,15236.5627389059
"5893",30001,5793.29281268641
"3595",37105,2030.01886692957
"2468",47001,6812.66907440123
"5550",55023,139.021967692211
"1032",37001,10323.5382677144
"3914",9007,10510.8568976499
"6211",55103,256174.648800839
"1980",50007,64438.0402982552
"839",23011,1476.38030439152
"246",27139,20924.8367372155
"5381",46117,30.1694074017559
"4483",6017,200.945599221766
"5062",31041,273.171628429554
"1232",48215,544.016606985591
"5142",36063,5909.26542777859
"290",34017,2715.2512368181
"422",40143,261.443619065297
"5790",21125,6559.28459549323
"3733",48321,37163.0891778041
"1944",48121,28751.2273142463
"428",41017,17143.7839593197
"5980",38045,936.053228052333
"4897",26161,3347475.03627529
"5448",48477,19767.7349108242
"5349",45045,173615.638189914
"3854",1125,80045.5214702261
"4692",18145,553.464150537438
"3684",45035,5334.15947805228
"3026",48029,195537.578824858
"1019",36097,121630.191221105
"5738",17063,115.416715697199
"2190",17161,5682.52179767626
"1599",18171,106.941761816852
"4049",25001,49568.9471142119
"5148",36081,10466.5395079964
"1399",6041,15314.7705609026
"1967",48439,66686.1427793881
"91",12115,29840.486441634
"5208",38045,20088.0728866187
"2571",6037,3545718.26995458
"2576",6057,2399.67753349559
"759",17111,16247.2636302544
"2500",49035,40743.3822278928
"1327",54037,1006.75131423026
"1890",42017,22295.170596608
"2718",18091,10479.1925996792
"5627",72129,2142.23987357691
"5174",37067,432026.187883187
"2135",12075,2134.11727926743
"2604",8069,362345.721663446
"1383",4005,538.956036328357
"931",29189,67985.6997531038
"2166",16001,4979.00342693852
"1185",45063,3508.98872100049
"3444",26161,170101.580102731
"3907",8059,376079.498331787
"1995",51157,13050.90099291
"2456",44005,2498.97663888046
"4929",27061,30428.4137858491
"5240",39061,249405.754479279
"5606",72013,4316.78076796234
"2373",37037,66.1048126285896
"4523",8027,128.598939839004
"5486",51107,37599.7009308583
"1015",36087,12280.1435803846
"3448",27013,76.4122304080809
"3375",20161,3242.17504311763
"660",8035,44.2455335663981
"3328",19113,614664.676158056
"2501",49049,302514.20471618
"2049",55133,731.484595177166
"753",17081,17.0699976980295
"5875",27139,8144.68589622139
"3378",21015,6709.53469769296
"1790",36013,3745.95512961291
"3831",55109,1705.74671671325
"3678",44003,1873.46315469168
"647",6089,30687.1450116817
"5566",55063,9236.59987780801
"1047",37127,19853.6904436469
"1402",6057,1237.49186721348
"1361",72015,4810.9441511461
"6228",55137,23581.3644036635
"5215",38079,4792.97775641128
"6037",41017,85256.9510094298
"4032",23023,5708.96016328288
"5000",29027,495.187013838452
"5778",20045,201591.969999463
"3524",34007,29673.1016536134
"3148",6089,9154.40642472352
"421",40109,19245.0845833519
"3908",8069,839519.083063801
"1942",48117,8692.52418731154
"3593",37081,7433.96259496214
"4895",26155,6345.45672268534
"962",34005,40745.2449471568
"2418",40143,211.670833467003
"5129",36029,879740.913337942
"4262",40027,742.916165137303
"1705",27019,1048.52623463476
"1917",45077,372114.779268664
"829",22031,149.270655708387
"2335",35049,69342.5413565274
"5860",27025,18.7002653200179
"2686",18023,20253.2105768467
"3027",48039,677.235490331519
"4589",12131,261.916768947802
"2372",37035,9276.4010915986
"3654",41051,245214.617881426
"4901",27003,647289.406635499
"2850",32003,19088.0027846763
"5261",39133,69361.2573170424
"4476",5143,29299.069199274
"1602",18177,42815.4418375386
"1461",12099,46509.4424220155
"351",37147,15473.7208096612
"148",18167,37713.5136218281
"1018",36093,36576.2589754594
"2674",17201,3912.36142353561
"4996",29013,3623.76846486021
"3608",39003,876.820068271595
"1436",9003,287669.03179131
"5232",39041,9430.2204176137
"4959",27121,2409.23486483376
"1643",22019,5132.58777046576
"6008",39099,1195.10696355253
"5747",17143,7440.92387148733
"3376",20173,57629.8291668809
"1271",51059,658567.091104767
"534",51540,167146.724178246
"2925",37067,3507.10214201271
"2327",34035,153658.690817979
"5742",17097,54277.4042791453
"4875",26075,34483.0988087914
"5459",49049,2079381.91775913
"4764",20161,685781.303091219
"6237",72025,5725.13640895253
"5854",26161,2262428.6119289
"1004",36065,13180.0293027599
"2807",26075,17249.6747283059
"3686",45051,1064.52445923588
"479",46079,5304.09310890271
"1389",5107,312.483929119944
"1931",47119,2854.67646999285
"3279",19011,84944.674956407
"1191",46029,203.711400134258
"2643",13135,86346.4823552763
"1832",37147,356.763556571681
"4536",8083,425.952854293864
"327",36093,30189.6561556725
"4481",6013,284118.246551454
"150",18177,20577.1062375797
"3858",4015,557.539732233021
"1318",53053,998.771728367858
"3130",6041,1090088.60609716
"3757",50023,34004.2274790051
"5280",40071,233.827654219982
"2072",4019,91033.9196408664
"3615",39041,15107.594140971
"3039",48329,4249.94435658698
"2480",48039,1065.10132130781
"5739",17079,289.521459143851
"1246",48397,131.060483834539
"3189",12057,54932.7809563241
"3900",8001,1152310.14616188
"3933",12085,6699.68004687689
"946",31109,251578.657339374
"2596",6111,298994.001387687
"2890",36033,125.345589078572
"4997",29015,3486.23418995538
"3084",53073,1475.55329062418
"2692",18039,57424.1334158709
"2212",18163,921.750417966885
"2726",18109,14829.113486275
"1557",18077,46.3593503252943
"1379",2090,105378.057644095
"5512",51840,3015.30745117581
"1184",45059,492.563100208305
"4694",18157,94895.3333979506
"4",1073,23443.0608107544
"344",37081,249270.954605378
"841",23019,15532.965376758
"5016",29091,623.294171677642
"4263",40109,139597.13682242
"5657",6065,3286.47849353279
"2821",27003,4316.29045026613
"4494",6057,2007.04811551471
"413",39151,189169.106040503
"4863",26041,36.7448151289299
"4779",21093,178982.934261138
"5981",39001,1087.90254836585
"5876",27145,11501.3338627462
"5668",6093,38325.5102456394
"5412",48049,124.688319055684
"3877",6041,17503.2473664107
"4541",8117,13237.510727128
"1850",39049,1104373.29402485
"3582",36113,2059.23852871096
"3792",53053,15895.5978949279
"3783",51770,444.97646393109
"674",9011,2639.5683788193
"2333",35028,32637.7208708704
"2900",36065,120095.360857857
"704",12105,1890.41056385863
"3633",39139,439.682942881179
"4284",42027,1795085.78171265
"6244",72073,5642.93305544183
"2756",19103,441558.640844416
"4801",22063,2108.48807822913
"4143",31055,4809.60982988619
"2264",26055,692.475437456534
"4062",26017,36792.7355511042
"4161",34015,162306.954601322
"2985",42035,3384.80750700376
"1935",47187,48967.2746954788
"3691",45083,18579.8522675235
"1443",10005,566.986149317771
"3171",8123,14479.7621660115
"1508",17093,459.653678407073
"6196",55075,14906.6341236897
"3516",33009,40767.4576002119
"5830",25027,56595.8056091109
"4026",22071,12896.300370167
"5161",36117,1486.90895684107
"594",1085,1887.73347502574
"658",8013,273981.535777745
"988",36009,27591.1136865717
"2237",24003,35259.8269527774
"5383",46137,3262.6951575991
"1864",39151,3103.84568117427
"2392",39017,1049.37167738347
"2630",12103,1508.47152739875
"1281",51121,1638564.20394479
"4382",51683,2531.85316152523
"3731",48245,473.919653389417
"1392",6001,3432322.89593014
"5733",17007,355.069572962821
"2862",34007,521758.308276139
"197",24021,185654.009785426
"5569",55073,6589.40858330926
"3242",17077,23353.3299908376
"805",19169,470886.623756726
"5514",53009,4906.18975795734
"5770",19099,521.863683711678
"1647",22103,2303.32643145113
"2923",37053,19.3961612407998
"486",47157,12245.4251765642
"878",26055,1915.05176011793
"2202",18057,5345.24200015716
"3177",9011,3282.84293538631
"5872",27113,16382.6540131011
"1881",41047,7198.24753803293
"4346",48353,58085.1673394762
"5390",47093,36275.9813349622
"2446",42089,5064.74142266656
"1539",18037,1422.39652377883
"5141",36061,2025094.9027021
"615",5119,6900.58915052917
"5994",39049,829055.156988626
"1498",17021,566.964150242681
"6092",48085,8640.03598767708
"312",36053,856239.54236904
"268",30037,1366.01677465235
"3311",19077,254.260020675994
"4610",13215,1621.22348756804
"2225",20161,5157.95240651015
"1505",17075,598.695523710921
"3043",48439,285482.750831768
"4670",18037,2492.98880606984
"5342",45007,184.213354093581
"3252",17167,1560.38892310581
"3008",45059,2535.49483822615
"2975",41051,256146.683453299
"5599",56013,837.367531400899
"1910",42133,1807.1327400274
"4849",25017,1522829.95333834
"5644",5007,1053.21618490852
"386",39081,721.57502364412
"3488",29161,943.098412628379
"1829",37129,17097.4901950917
"4908",27017,103333.497318493
"4223",37081,311652.19352164
"6221",55123,323277.888297553
"2522",51600,481.976400688291
"2277",27003,9282.60185551899
"2736",18135,163.414402522147
"3229",16001,15807.8854132649
"5275",40015,54.9049609749541
"2829",27145,269.212473498255
"4859",26025,5513.08334082052
"429",41029,2195.61130236019
"4842",25001,69506.9367125888
"2323",34025,15472.5596408422
"735",13297,34.3428240877111
"5984",39009,574.990954818204
"5236",39049,2959141.05638442
"5530",53067,106706.900603587
"5735",17019,876900.668998819
"2292",28071,287.555601931838
"4286",42035,1896.07380671315
"2439",42043,457.651165618002
"2618",12011,18371.2115061376
"2812",26089,15116.9747447269
"4734",19139,1599.67787677714
"5934",36005,83549.8859982564
"4144",31109,931982.610011388
"2504",50011,46893.2519763362
"3868",5119,126325.527450468
"2312",34001,563.932010249095
"3863",5023,130.367798132456
"5874",27137,36097.3451916146
"6088",47165,465.711497867336
"3337",19133,2480.06743856418
"1555",18073,71867.6976817461
"2708",18071,6976.35239435574
"4881",26099,3533.63271492012
"2369",37025,4946.81569072418
"3591",37067,22548.3465080796
"1846",39025,963.408209034365
"4852",25025,2817301.38866306
"2958",39153,9626.18739681917
"3298",19051,337.797164607509
"951",32031,43626.7388508489
"1140",42049,304506.386898692
"2429",41071,6153.99775173439
"2284",27113,43491.0935942856
"5435",48329,4885.34446477803
"3984",17201,13657.135545392
"960",34001,2900.07625412472
"3937",12095,691608.156920678
"1237",48265,800.901226222406
"3664",42041,53.6115122745689
"4025",22051,5081.46901045181
"1041",37077,3703.18338216951
"5255",39109,4532.54119830341
"2320",34019,7398.76302330751
"1873",40143,29022.3895240636
"645",6085,1707044.57444876
"2993",42079,463095.029416656
"4240",39049,8969959.53538904
"6120",50011,3351.74328267309
"4648",17111,6867.13545781713
"2778",23031,18941.277529173
"2864",34011,8889.58140748306
"3381",21111,15613.465040567
"55",8041,18570.2152961518
"6251",72151,4956.18768911809
"5156",36101,7591.31969277295
"37",6069,1934.19154298203
"2710",18075,2684.96936824979
"792",18169,1052.07278116052
"2624",12081,5471.56278971959
"2457",44007,34688.226935498
"3744",48479,139.225830222571
"1633",21113,1529.00412177399
"1075",39061,427566.113175001
"1043",37089,523.658696365207
"4304",42125,474.409705083288
"2957",39151,19.6003886929667
"4196",36069,158457.558636099
"4037",24009,60844.3503410442
"3446",27003,27966.7936896117
"5475",51033,39.2214544589678
"2196",18003,42.1523432073193
"3332",19123,3414.76402035329
"117",17089,66262.2304923849
"1507",17091,1545.38485572383
"4175",35028,1324958.52705745
"4782",21117,1631.77262194175
"3666",42045,97346.0960417991
"5451",49005,479534.095278652
"4979",27163,2766699.57020826
"726",13157,200.714475324597
"1028",36117,3906.835219277
"4642",17095,166.165113378516
"3525",34009,18.97159773577
"894",26155,109.492494496945
"4183",36019,232.680120208003
"2105",6111,48968.0840384722
"974",34029,39740.254052218
"5107",34037,133344.423297804
"3703",46127,90.8723700670525
"882",26073,32061.9000183957
"5504",51710,69313.2613788568
"2378",37077,204.934341854649
"1854",39089,457.324346986813
"4152",33013,10387.5760374446
"6202",55085,46382.2369518013
"3064",51121,335154.456696783
"1834",37175,5239.73676354071
"4115",27137,225570.510509009
"5659",6071,3687.95279338956
"4129",29077,1536.63975868793
"1031",36123,1865.06093975509
"1523",18003,319982.240357746
"6020",39153,291452.097964309
"3100",55133,1416.94297589717
"2989",42049,2527.46258390145
"1421",6111,24174.5488231361
"3475",28121,164.729928497189
"5640",4005,907.247235765681
"871",26015,481.452769381926
"1012",36081,7480.65760786843
"5266",39153,164810.924105623
"2234",23005,1568.76968491206
"4348",48375,28651.0863608325
"1806",36081,13910.7581221691
"1897",42045,473508.521026955
"4547",9007,5208.45038819115
"1603",18179,468.439721502364
"3443",26155,93.6301443580119
"4516",6113,68367.9739680084
"3295",19045,5867.03851565435
"787",18105,5366.4511403823
"348",37129,536253.585418614
"4743",19193,90.9693816988045
"6148",53033,1700758.18532245
"3419",25017,615273.373475162
"578",55089,4310.50541920047
"1496",16071,358.467433908498
"1269",51041,2067.01374713468
"3465",27145,4095.66124408284
"2442",42061,8128.96396086225
"3476",28159,7.37572471614461
"4717",19065,3961.26862132919
"3405",24027,57982.4450176691
"5160",36115,9039.27084461806
"1746",31109,320398.921484142
"5933",36001,225654.517650509
"2616",11001,246222.385818643
"4189",36047,1332001.29489187
"2318",34015,7318.38983069714
"1190",46011,39663.6661260156
"664",8069,133541.602991377
"909",27123,24760.8993615714
"317",36065,215.847045145929
"4657",17167,22809.9580126888
"1898",42049,961.833245539684
